{
    "profiles": {
        "EBTXD_01262401": {
            "a": 0.060925176,
            "b": 8.200078028,
            "c": -12.09569579,
            "color_channel": "Red"
        },
        "EBT4_12022401": {
            "a": 0.064177246,
            "b": 2.299481488,
            "c": -3.589106991,
            "color_channel": "Red"
        },
        "EBT4_10162401": {
            "a": 0.129000268,
            "b": 6.63990954,
            "c": -10.8687305,
            "color_channel": "Red"
        },
        "EBT4_large_09252301": {
            "a": 0.061709187,
            "b": 2.867102518,
            "c": -4.761029525,
            "color_channel": "Red"
        }
    },
    "current": "EBT4_large_09252301"
}